No. of Files,Time Taken (sec)
100,0.0005719661712646484
200,0.0011951923370361328
300,0.0020411014556884766
400,0.0029282569885253906
500,0.0035965442657470703
